level,id,label,description,value,parent
1,1_15,選挙結果に対する国民の多様な反応と政治不信の表出,選挙結果に対する国民の反応は多岐にわたり、当選や落選の速報に対する驚きや期待、特定の候補者に対する支持や不満が表れています。特に、裏金問題や候補者の倫理観に対する批判が強く、政治不信が広がっていることが伺えます。選挙区ごとの結果に対する関心や、選挙戦略の評価、選挙管理の公正性に対する疑念が示されており、国民の政治に対する期待と不安が交錯しています。これらの意見は、選挙が国民に与える影響や、政治の透明性と信頼性に対する要求を反映しています。,691,0
1,1_9,地域ごとの選挙結果と支持動向の多様性に対する驚きと分析,日本各地での選挙結果に対する有権者の反応や分析が多様であることが示されています。特定の地域での政党の強さや予想外の結果に対する驚きが強調され、例えば、立憲民主党が宮城や新潟、北海道で強い支持を得ている一方で、自民党が熊本や山形で優勢であることが注目されています。また、選挙区ごとの接戦や当選確定の遅れに対する関心が高く、特に埼玉14区や千葉5区などでの状況が話題となっています。これらの意見は、地域ごとの政治的動向が国全体の政治情勢に与える影響を示し、選挙結果が有権者に与える多様な感情や期待、失望を反映しています。,708,0
1,1_14,選挙報道と政治参加意識の高まりによる社会的関心の拡大,選挙に対する多様な関心が高まり、選挙報道や結果に対する期待、不安、驚きが交錯しています。Vtuberによる投票促進や女性候補者の増加、選挙速報の演出などが注目され、国民の政治参加意識が高まっています。また、裏金問題の報道が選挙の透明性に対する疑問を呼び起こし、選挙結果がもたらす社会的変化への期待と不安が入り混じっています。これらの要素が、選挙を通じた社会的関心の拡大を促進しています。,699,0
1,1_13,選挙参加促進と制度改善への具体的提案と懸念,選挙における低投票率の影響や、選挙制度に対する不信感が広がる中、投票率向上のための具体的な提案や、選挙参加の重要性を訴える声が集まっています。具体的には、投票場所の利便性向上や若者の政治参加を促進するためのインセンティブの提案、選挙制度の透明性と公正性を求める意見が見られます。また、選挙に参加しないことが将来の社会問題に対する発言権を失うことにつながるという懸念や、選挙結果が日本の未来に与える影響についての不安も示されています。これらの意見は、選挙を通じて社会を変えるための行動の重要性を強調し、制度的な改善を求める声として集約されています。,1299,0
1,1_4,選挙における政党の議席動向と略称問題への対応,選挙において、立憲民主党や国民民主党、参政党、日本保守党などの議席動向が注目されています。特に、国民民主党の議席増加に対する期待や、立憲民主党の予想外の議席増加に対する驚きが見られます。また、政党略称の混乱が選挙の公平性に影響を与える懸念が示されており、選挙管理の改善が求められています。これらの動向は、今後の政策決定や政党間の力関係に大きな影響を与えると考えられています。,681,0
1,1_10,選挙結果に対する多様な感情と評価の表出,選挙結果に対する有権者の多様な感情や評価が集まっており、特定の候補者の当選に対する驚きや喜び、疑問、不安が表れています。河村たかし氏や河野太郎氏、高市早苗氏、小泉進次郎氏などの当選に関する意見が多く、彼らの政治姿勢や過去の行動に対する評価が分かれています。また、選挙結果が特定の派閥や政治家にとっての勝利と見なされる意見や、組織票の影響、政策に対する評価も含まれ、選挙結果がもたらす影響についての関心が示されています。これらの意見は、選挙戦の動向や候補者に対する評価が多様に示されており、選挙結果が社会に与える影響についての多角的な視点を提供しています。,723,0
1,1_7,選挙結果に対する多様な反応と政治的課題の浮き彫り,自民党を中心とした選挙結果に対する国民の多様な反応が示されており、特に裏金問題や報道の公平性が選挙行動に影響を与えていることが浮き彫りになっています。自民党の当選や落選に対する驚きや称賛、批判が交錯し、地域ごとの支持基盤の違いや投票率の低さが選挙結果に影響を与えているとの見解が見られます。また、他党の候補者の当選や落選に対する反応も含まれ、国民の政治に対する期待や不安、そして現状に対する不満が反映されています。これらの意見は、政治の透明性や報道の公平性、そして政党の戦略に対する国民の関心と期待を示しています。,603,0
1,1_12,選挙報道とエンターテインメントの同時進行における視聴者の多様な反応とメディアの役割,選挙特番と日本シリーズの同時放送に対する視聴者の反応は多岐にわたります。視聴者は、選挙報道の重要性とエンターテインメントのバランスに対する期待や不満を示しています。選挙速報を通じて政治への関心を高める一方で、野球中継との同時進行に困惑する声もあります。メディアの報道姿勢や選挙特番の内容に対する評価、選挙報道の信頼性や公平性に対する意見が交錯し、視聴者は情報の多角的な取得を求めています。また、選挙特番が視聴者の日常生活や他の娯楽活動に与える影響についても多様な意見が寄せられています。,807,0
1,1_11,選挙結果に対する不確定情報と政治的変化への期待,選挙結果に関する不確定情報や虚偽の可能性が指摘される中、特定の政治家の当選や落選に対する多様な反応が見られます。和歌山2区での世耕氏の当選や二階氏の息子の落選、丸川珠代氏や下村博文氏の落選に対する意見は、地域政治や世襲政治に対する批判的な視点を反映しています。また、選挙結果が政治的勢力図に与える影響や、政治家に対する評価が議論されており、政治の変革を求める声が背景にあることが示唆されています。これらの意見は、選挙制度や政治家に対する不信感を反映し、社会的影響や政治的変化への関心を示しています。,692,0
1,1_3,日本の政治情勢における連立政権の変動と新勢力の台頭,自民党と公明党の連立政権が次の衆院選で過半数を維持できるかどうかに対する不安が広がる中、選挙結果がもたらす政治的・経済的影響が注目されています。特に、立憲民主党や国民民主党、日本維新の会の躍進が予測され、これらの政党が新たな連立の可能性を模索する動きが見られます。公明党の影響力低下や、他党との連携の行方が今後の政局を左右する要因となり、選挙結果が株価や為替に与える影響も懸念されています。また、メディアによる選挙予測の違いが不確実性を増し、報道の信頼性が問われる中、国民の政治参加意識の変化が求められています。,973,0
1,1_1,石破政権の不安定なリーダーシップと選挙結果への影響,石破政権はその不安定なリーダーシップと短命化の可能性が指摘されており、選挙結果に対する責任問題が浮上しています。石破氏のリーダーシップに対する批判や期待が交錯し、彼の政治的影響力の低下が懸念されています。自民党の過半数割れの可能性や、石破氏の辞任、他党との連携の可能性が議論される中、政権の将来に対する不安が広がっています。また、石破氏の選挙戦略や解散総選挙の決断に対する批判があり、彼の退陣や政権交代の可能性が注目されています。,354,0
1,1_8,選挙結果に対する多様な視点と政党間の支持動向の変化,衆院選における自民党の議席減少と立憲民主党の躍進に対する多様な意見が集まっています。自民党の議席減少に対する驚きや喜び、立憲民主党の支持増加に対する疑問や不安が交錯し、選挙結果に対する国民の複雑な感情が浮き彫りになっています。特に、投票率の低さや他党への票の流れ、過去の政党対応への懸念が指摘され、選挙区の選択肢の限られた状況が不満を生んでいます。また、立憲民主党の躍進が自民党の失策や風向きによるものとする見解や、民主党政権時代の再来を懸念する声もあり、今後の政党間の動向に注目が集まっています。,1084,0
1,1_2,衆院選における与野党の勢力均衡と政権運営への影響,衆議院選挙において与党が過半数を割る可能性が高まり、連立政権の形成やねじれ国会の発生が注目されています。与党が過半数を割ることで、野党との協力が必要となり、政権運営の不透明感が増す一方で、政治の均衡が保たれることへの期待も示されています。選挙結果が経済や外交政策に与える影響についての懸念が広がる中、与野党の勢力が拮抗することで、より建設的な政治運営が求められています。選挙結果が不透明であることから、国民の関心が高まり、政治情勢の変動が予想される中での意見が集まっています。,399,0
1,1_5,れいわ新選組の選挙躍進と支持動向に対する驚きと期待,このクラスタは、れいわ新選組が選挙で議席を増やす可能性に対する驚きや期待、そして他党との比較における支持動向の変化に関する意見が集まっています。特に、れいわ新選組が共産党を上回る可能性や、予想以上の議席獲得に対する驚きの声が多く、また、支持者の間では議席数の増加を期待する声が強調されています。一方で、政策に対する疑問や出口調査の信憑性に対する懸念も見られます。,122,0
1,1_6,選挙結果による政権交代の可能性と地域的支持の影響,衆院選を通じて政権交代の可能性に対する期待と不安が交錯する中、大阪を中心に維新の党が強い支持を得ている現象が注目されています。政権交代がもたらす変化への期待と、過去の経験からくる不安が混在し、特定の政党や候補者に対する地域的な支持や不満が選挙結果に影響を与えています。特に、大阪での維新の党の勢力拡大が他地域や国政に与える影響について、多様な視点からの意見が示されています。選挙結果が今後の政権運営や政策推進にどのように影響するかについての関心が高まっています。,299,0
2,2_42,選挙結果に対する多様な反応と期待,このクラスタは、選挙結果に対する有権者の多様な反応や期待を反映しています。具体的には、当選や落選の確実予報に対する驚きや不満、特定の候補者の当選や落選に対する喜びや懸念、選挙区での候補者選びの難しさ、当選者の公約履行への期待、宗教法人との関わりを持つ候補者への不信感、選挙戦略や結果に対する評価などが含まれています。これらの意見は、選挙が有権者に与える影響や、政治に対する期待と不安を示しています。,200,1_15
2,2_16,立憲民主党の地域別支持動向と選挙結果の驚き,このクラスタは、立憲民主党が特定の地域で強い支持を得ていることや、選挙結果に対する驚きの声に焦点を当てています。特に宮城、新潟、北海道などでの立憲民主党の優勢が注目されており、これらの地域での支持の強さが強調されています。また、岐阜や愛媛での予想外の結果に対する驚きや、福井での立憲民主党候補の健闘が話題となっています。これらの意見は、立憲民主党の地域別の支持動向と、それに対する有権者の反応を示しています。,208,1_9
2,2_61,選挙に対する多様な関心と期待の高まり,このクラスタは、選挙に対する多様な関心や期待が高まっていることを示しています。選挙が祭りのように盛り上がり、異なる視点を持つ人々の意見に触れることでエコーチェンバーを脱する経験や、Vtuberの呼びかけによる投票促進、選挙結果への興味、政治に対する新たな関心の芽生えなど、選挙を通じて社会的な関心が広がっている様子が描かれています。また、選挙結果や特定の議員の落選に対する興味深さ、選挙管理内閣への感謝、選挙を通じた社会の変化への期待など、多様な視点から選挙が捉えられています。,201,1_14
2,2_20,低投票率に対する懸念とその影響に関する多角的視点,このクラスタは、選挙における低投票率に対する驚きや懸念の声を中心に、投票率の低さが日本の未来に与える影響についての多様な意見が集まっています。具体的には、投票率の低さが政策決定における市民の影響力を弱めることへの懸念、感情的な投票行動や政策への無関心がもたらすリスク、そして投票しないことが将来の社会問題に対する発言権を失うことにつながるという批判的な意見が含まれています。また、投票率の低下が社会的な関心の低さや制度的な問題に起因しているという指摘も見られます。,246,1_13
2,2_5,2024年衆院選に対する多様な反応と関心の高まり,このクラスタは、2024年の衆議院選挙に対する多様な反応や意見を集めたものです。選挙結果に対する驚きや衝撃、女性候補者の増加、出口調査による当選者の予測、選択の難しさ、歴史的な選挙になる可能性、投票率への関心、選挙後の議員活動への注視など、選挙に対する関心が非常に高まっていることが示されています。また、選挙速報や結果に対する期待や興奮、選挙に対する熱意が感じられる意見も多く、国民の政治参加意識の高まりがうかがえます。,221,1_14
2,2_28,選挙に対する期待と不安、興味の交錯,このクラスタは、選挙に関連する様々な感情や意見が交錯していることを示しています。選挙結果に対する期待や不安、驚き、意外性を感じる声が多く、選挙のプロセスや結果に対する関心が高まっていることが伺えます。また、メディアの報道に対する期待や疑問、個人情報の取り扱いに対する懸念など、選挙に関連する多様な視点が含まれています。選挙がもたらす社会的変化や影響に対する期待と不安が入り混じり、選挙が国民にとって重要な関心事であることが強調されています。,190,1_14
2,2_53,選挙における政党略称の混乱と公平性への懸念,このクラスタは、立憲民主党と国民民主党の略称が同じ『民主党』であることに起因する選挙時の混乱や不明確さに対する疑問や懸念を表しています。有権者が投票用紙に略称を書く際にどちらの政党に票がカウントされるのか不明確であること、またその結果として票が按分されることへの公平性の疑問が中心です。さらに、公式名称を略さずに使用するべきだという意見や、選挙管理の方法に対する批判も含まれています。,28,1_4
2,2_35,選挙結果に対する驚きと期待の声,このクラスタは、選挙結果の速報に対する人々の驚きや期待、そしてそれに伴う感情の多様性を反映しています。特に、当確が早く出たことや、予想外の結果に対する驚き、接戦区の結果に対する期待感、そして自分の選挙区の結果に対する不安や関心が中心となっています。選挙結果の早さや予測の難しさが、選挙に対する人々の関心を高めていることが伺えます。,194,1_15
2,2_51,選挙結果に対する多様な反応と意見,このクラスタは、選挙結果に対する様々な反応や意見が集まっています。特に河野太郎氏の当選に関する意見が多く、支持や驚き、疑問、不安など多様な感情が表れています。また、他の候補者の当選や落選に対する驚きや喜び、批判の声も含まれています。選挙における組織票の問題や、特定の政策に対する評価も見られ、選挙結果がもたらす影響についての関心が示されています。,178,1_10
2,2_29,自民党に対する多様な意見と選挙結果への反応,このクラスタは、自民党に対する多様な意見と選挙結果に対する反応を中心に構成されています。自民党の当確を喜ぶ声や、支持に対する疑問、批判的な意見が混在しており、特に低い投票率や他党の弱体化が自民党の選挙結果に影響を与えているという見解が見られます。また、与党に対する批判が経済や安全保障よりも重要視されているという意見や、他の政党に政権を任せることを考える声も含まれています。全体として、自民党の支持と批判が交錯し、選挙結果に対する多様な視点が示されています。,154,1_7
2,2_13,選挙と野球中継の同時放送に対する視聴者の多様な反応,このクラスタは、選挙と野球中継が同時に放送されることに対する視聴者の多様な意見を集めています。TBSをはじめとするテレビ局が選挙特番と日本シリーズを同時に放送することに対して、驚きや不満、感謝の声が上がっています。視聴者は、選挙と野球のどちらを優先するかで意見が分かれており、選挙報道の質や放送のタイミングに対する批判も見られます。また、選挙の日にテレビ番組が選挙関連に偏ることへの不満や、視聴の難しさを指摘する声もあります。これらの意見は、視聴者が情報を多角的に得ようとする姿勢や、放送局の選択に対する期待と不満を反映しています。,95,1_12
2,2_3,国民民主党の議席増加への期待とその影響,このクラスタは、国民民主党の議席増加に対する期待とその影響についての意見が中心です。特に、国民民主党が21議席以上を獲得する可能性や、単独で法案を提出できる議席数を確保することへの期待が強調されています。また、国民民主党の議席増加が他の政党や連立に与える影響、さらには政策立案への期待も含まれています。石丸氏の影響や選挙戦略に関する意見も見られ、国民民主党の支持動向に対する関心が高まっていることが示されています。,122,1_4
2,2_57,地域別に異なる自民党と野党の支持動向とその影響,このクラスタは、日本各地における自民党と野党の支持動向に関する意見を集めたものです。特に、地域ごとに異なる支持の強さや選挙結果に対する反応が特徴的です。例えば、熊本や山形、奈良中南部、和歌山、広島、富山では自民党が強い支持を得ている一方で、愛知、沖縄、宮城、岩手、新潟、福島では野党が優勢または自民党が苦戦している状況が見られます。また、群馬や山形では自民党の強い支持に対する不安や不満の声も上がっており、地域ごとの政治的な動向が国全体の政治情勢に与える影響が注目されています。,102,1_9
2,2_2,選挙結果に関する不確定情報と虚偽の可能性,このクラスタは、衆院選に関する当選情報が多く報じられているが、それらの情報が現時点での公式な結果ではなく、前回の選挙結果の誤解や虚偽の情報である可能性があることを指摘しています。情報の信憑性に対する疑念や、現時点での結果が確定していないことを強調する意見が中心です。,148,1_11
2,2_48,自民・公明連立政権の過半数維持に対する不安と影響,このクラスタは、自民党と公明党の連立政権が次の衆院選で過半数を維持できるかどうかに対する不安や疑問が中心となっています。特に、裏金問題や公認取り消しといったスキャンダルが選挙結果に影響を与える可能性が指摘されており、与党の議席減少が予測される中で、立憲民主党や国民民主党の躍進が注目されています。また、過半数を割ることで憲法改正が難しくなるといった政策面での影響や、議会での議論が活発化する可能性についても言及されています。,211,1_3
2,2_60,石破政権の不安定性と短命化に関する懸念と憶測,このクラスタは、石破政権の不安定な状況とその短命化に関する懸念や憶測を中心に構成されています。石破氏の毅然とした態度や組織の問題、責任問題が浮上していることが指摘され、政権の短命化や退陣の可能性が議論されています。また、石破氏の政治的影響力の低下や、次期総裁の動向、連立の拡大など、今後の政治状況に対する不安や期待が示されています。,127,1_1
2,2_55,自民党の議席減少と選挙結果に対する多様な反応,このクラスタは、衆院選における自民党の議席減少に関する様々な意見や反応を集めたものです。自民党の議席減少に対する驚きや喜び、またその原因や影響についての考察が含まれています。特に、投票率の低さや他党への票の流れ、過去の政党対応への懸念、そして自民党の今後の動向に対する期待や不安が表れています。また、選挙速報や報道に対する疑念や、野党の対応への期待も見られます。,137,1_8
2,2_7,選挙報道における裏金問題の演出とその影響,このクラスタは、選挙速報や特番において裏金問題がどのように報道され、視聴者にどのような影響を与えているかに関する意見が集まっています。特に、裏金疑惑のある議員に対する特別なマークや演出が注目されており、それが面白いと感じる一方で、報道の公平性や選挙の透明性に対する疑問の声も上がっています。また、裏金問題が選挙結果に与える影響や、国民の監視の目が強まっていることに対する評価も含まれています。,87,1_14
2,2_45,和歌山2区選挙における世耕氏の当選と二階氏の息子の落選に関する意見,このクラスタは、和歌山2区の選挙において世耕氏の当選が確実視されていることと、二階氏の息子が落選する可能性が高いことに関する意見が中心です。世耕氏の当選を祝福する声や、二階氏の息子の落選に対する喜びの声が多く見られます。また、世耕氏の自民党復党の可能性や、二階氏の息子の比例復活の可能性についても注目されています。これらの意見は、選挙結果が地域政治に与える影響や、世襲政治に対する批判的な視点を反映しています。,134,1_11
2,2_40,選挙速報の視聴体験とその多様な感情,このクラスタは、選挙速報を視聴することに対する多様な感情や行動に焦点を当てています。選挙速報を初めて真剣に観る人や、習慣として楽しむ人、心地よさや緊張感を感じる人など、視聴者の様々な反応が含まれています。また、選挙報道の内容や形式に対する期待や不満、選挙速報を待ち望む声、そして選挙に対する真摯な期待感など、選挙速報が引き起こす多様な感情が表現されています。,270,1_12
2,2_23,選挙特番に対する多様な視聴者の反応と意見,このクラスタは、選挙関連のテレビ報道に対する視聴者の多様な意見や反応を集めたものです。選挙特番の放送時間や内容に対する驚きや疑問、特定の番組や局の独自性や面白さに対する評価、選挙報道の公平性や信頼性に関する懸念、選挙特番の放送タイミングに関する意見、さらには選挙特番と他の番組との比較に基づく視聴選択の迷いなど、視聴者が選挙報道に対して抱く様々な感情や考えが反映されています。,201,1_12
2,2_19,選挙参加の意識と行動に関する多様な声,このクラスタは、選挙に関する様々な意識や行動に関する意見が集まっています。選挙に行きそびれたことを後悔する声や、選挙に参加したことを誇りに思う意見、家族や子供と共に選挙に参加することの重要性を説く声など、選挙に対する個々の経験や感情が多様に表現されています。また、選挙を通じて政治への関心を高めたり、家族や友人との交流を深めたりする様子も見られます。,146,1_13
2,2_58,日本保守党の議席獲得に対する多様な反応とその影響,このクラスタは、日本保守党が議席を獲得したことに対する様々な意見や反応を中心に構成されています。議席獲得に対する驚きや喜び、否定的な意見、さらなる議席獲得への期待、そして他党との関係性や影響についての議論が含まれています。また、政党助成金の交付条件やメディアでの取り上げ方に対する不満、陰謀論の支持に対する懸念など、選挙結果がもたらす政治的影響についての多角的な視点が示されています。,80,1_4
2,2_41,選挙体験と投票行動に関する多様な視点,このクラスタは、選挙に関する個人の体験や意見を多角的に捉えたものです。初めての投票体験や手続きのスムーズさ、投票所の変更に対する驚き、期日前投票の利用、投票率向上のための提案、選挙結果に対する感想、政治への関心の変化、選挙活動の印象、投票後の行動など、選挙に関連する様々な視点が含まれています。これらの意見は、選挙に対する個々の関心や行動、そしてそれに伴う感情の多様性を示しています。,256,1_13
2,2_21,選挙結果に対する多様な反応と意見の集約,このクラスタは、選挙結果に対する様々な反応や意見が集まっており、支持する候補者の当選を喜ぶ声や、予想外の結果に対する驚き、特定の候補者の落選に対する意見などが含まれています。また、選挙戦略や候補者の背景に対する批判や分析も見られ、選挙結果がもたらす政治的影響や個人の感情的反応が多様に表現されています。,124,1_15
2,2_17,自民党の過半数割れとその影響に関する多様な視点,このクラスタは、自民党が衆議院選挙で過半数を割る可能性に関する意見を中心に、政治的な影響や経済的な影響、他党の躍進、連立政権の可能性など、多様な視点が含まれています。自民党の議席減少に対する喜びや懸念、野党の動向、株価や為替への影響、連立の行方など、選挙結果がもたらす多面的な影響についての意見が集まっています。,198,1_3
2,2_44,政治における裏金問題と報道の公平性に関する意見の多様性,このクラスタは、政治における裏金問題に対する有権者の多様な意見と、それに関連する報道の公平性についての議論を中心にしています。自民党をはじめとする与党や野党の裏金問題に対する批判や疑念、報道の偏向性に対する不満、そしてそれが選挙行動に与える影響についての意見が集まっています。また、特定の政党や候補者への投票理由や、家族内での投票先の違いなど、個々の投票行動に関する具体的な事例も含まれています。,133,1_7
2,2_11,衆院選における当選確実報道と有権者の反応,このクラスタは、衆議院選挙における各候補者の当選確実報道に対する有権者の反応や意見を中心にまとめられています。特に、岸田氏や河野太郎氏、小泉進次郎氏などの著名な政治家の当選に対する驚きや疑問、選挙区ごとの特定候補者に対する支持や批判、選挙結果に対する不満や諦めの声が多く見られます。また、選挙区ごとの特定の候補者に対する支持や批判、選挙結果に対する不満や諦めの声が多く見られます。これらの意見は、選挙結果に対する有権者の多様な感情や期待、失望を反映しています。,177,1_9
2,2_39,選挙結果に対する多様な反応と評価,このクラスタは、選挙結果に対する様々な反応や評価を含んでいます。特定の候補者の当選に対する驚きや喜び、疑問、批判など、多様な意見が集まっています。特に、小沢一郎氏や高市氏、菅氏などの当選に関する意見が多く、彼らの過去の行動や政策に対する評価が分かれていることが特徴です。また、選挙結果が特定の派閥や政治家にとっての勝利と見なされる意見も含まれています。,159,1_10
2,2_52,国民民主党の支持拡大とその影響に関する多様な意見,このクラスタは、国民民主党の支持が拡大していることに関する様々な意見を集めています。支持の増加に対する驚きや称賛、選挙での躍進を評価する声が多く見られる一方で、政策の信頼性や立候補者の不足といった課題も指摘されています。また、他党との比較や競争、若年層からの批判、与党入りの可能性に対する懸念など、国民民主党の今後の動向に対する関心が高まっていることが特徴です。,176,1_4
2,2_6,与党過半数割れと立憲民主党の躍進に対する懐疑と不安,このクラスタは、与党である自民党が過半数を割る可能性が高まっている状況に対する意見を中心に、立憲民主党の議席増加に対する懐疑的な見方や不安が表明されている点が特徴です。多くの意見が、与党の議席減少を予想しつつも、立憲民主党の躍進を望まない、あるいはその理由に疑問を持つ声を含んでいます。また、他の野党の議席動向や連立政権の行方についても注目が集まっており、選挙結果に対する不安や懸念が広がっています。,109,1_8
2,2_0,選挙の重要性と投票率向上への多角的アプローチ,このクラスタは、選挙の重要性を強調し、投票率を向上させるための様々な意見や提案が集まっています。選挙が個人や社会に与える影響を訴える意見や、投票に行かない人々への批判、投票率向上のための具体的な提案（ネット投票や投票場所の改善）などが含まれています。また、選挙権の歴史的背景や権利の重みを再認識する意見もあり、選挙を通じて未来を変えるための行動の重要性が強調されています。,238,1_13
2,2_10,裏金問題に対する国民の厳しい審判と政治不信,このクラスタは、選挙における裏金問題に対する国民の厳しい視線と、それに伴う政治不信を反映しています。裏金疑惑のある候補者や議員に対する不信感や批判が多く見られ、彼らの落選を望む声が強調されています。また、裏金問題が選挙結果に与える影響や、疑惑のある候補者が当選することへの疑問、そしてそれに対する地域や国民の反応が議論されています。これらの意見は、政治家の倫理観や選挙の公正性に対する国民の期待と不安を示しています。,173,1_15
2,2_22,衆院選における過半数割れの可能性とその影響,このクラスタは、衆議院選挙において与党が過半数を割る可能性に関する意見を中心に構成されています。過半数割れが選挙結果に与える影響や、連立政権の形成、ねじれ国会の発生といった政治的な動向に対する関心が高まっていることが特徴です。また、選挙結果が不透明であることから、緊張感や期待感が高まっている様子も見受けられます。,135,1_2
2,2_25,自民党の議席減少と立憲民主党の議席増加に対する疑問と驚き,このクラスタは、衆議院選挙における自民党の議席減少が予想通りである一方、立憲民主党の議席増加に対して疑問や驚きを感じる意見が中心です。特に、立憲民主党の議席増加に対する不信感や、他の政党の動向に対する関心が示されています。また、民主主義の限界や、特定の政党に対する不満が背景にあることが伺えます。,162,1_8
2,2_63,立憲民主党の議席増加に対する驚きと疑問,このクラスタは、立憲民主党が予想以上に議席を増やしたことに対する驚きや疑問の声が中心です。特に、立憲民主党の議席増加が日本の政治や将来に与える影響についての不安や懸念が多く見られます。また、選挙協力の効果や他党の躍進に対する評価、比例票の動向に関する意見も含まれています。,165,1_4
2,2_9,れいわ新選組の選挙躍進と支持動向に対する驚きと期待,このクラスタは、れいわ新選組が選挙で議席を増やす可能性に対する驚きや期待、そして他党との比較における支持動向の変化に関する意見が集まっています。特に、れいわ新選組が共産党を上回る可能性や、予想以上の議席獲得に対する驚きの声が多く、また、支持者の間では議席数の増加を期待する声が強調されています。一方で、政策に対する疑問や出口調査の信憑性に対する懸念も見られます。,122,1_5
2,2_50,立憲民主党の支持拡大に対する多様な反応と疑問,このクラスタは、立憲民主党の支持が増加している状況に対する様々な意見を集めています。支持の増加に対する驚きや疑問、不安の声が多く見られ、特に外交や経済政策に対する懸念が強調されています。また、他党との比較や、支持拡大の理由に対する疑問、情報不足に対する不信感も含まれています。これらの意見は、立憲民主党の現状と将来に対する多様な視点を反映しています。,214,1_8
2,2_24,選挙結果に対する不信感と政治家への批判的意見,このクラスタは、選挙結果に対する不信感や、特定の政治家の当選に対する批判的な意見が中心です。特に、麻生太郎氏や萩生田氏の当選に対する驚きや不満、またはそれに対する批判的な意見が多く見られます。また、選挙結果が前回のものか虚偽の可能性があるという疑念も含まれています。これらの意見は、選挙制度や政治家に対する不信感を反映しており、政治の変革を求める声が背景にあることが示唆されています。,85,1_11
2,2_12,衆議院選挙における候補者の当選と支持者の反応,このクラスタは、衆議院選挙における複数の候補者の当選に関する報道や、それに対する支持者の反応を中心に構成されています。具体的には、河村さん、塩崎彰久氏、近藤和也氏、松原仁さん、あおやぎ仁士さん、塩川鉄也さん、ドリル優子、岡本あき子さん、池田真紀さん、小野寺五典氏、奥下さん、日野さん、ほろあーの先生、蓮見孝之氏、藤原たかし氏、有田さん、吉田晴美氏、丹野さんといった候補者の当選や当選確実の報道に対する喜びや驚き、期待、不満の声が含まれています。これらの意見は、選挙結果に対する有権者の多様な感情や反応を反映しています。,123,1_10
2,2_8,立憲民主党への投票に対する多様な視点と選択の背景,このクラスタは、立憲民主党への投票に関する多様な意見を集めています。主な論点として、自民党への不満から消極的に立憲民主党を選ぶケース、選挙区の選択肢の限られた状況、立憲民主党の政策に対する疑問や懸念、そして他の野党との比較が挙げられます。また、立憲民主党の躍進が増税に対する国民の覚悟を示しているという意見や、反原発の立場からの支持も見られます。これらの意見は、選挙における有権者の複雑な選択の背景を反映しています。,112,1_8
2,2_46,選挙区ごとの接戦と当選確定に対する関心と驚き,このクラスタは、特定の選挙区における接戦状況や当選確定の遅れに対する関心、驚き、期待が中心となっています。特に埼玉14区では国民民主党の優勢や公明党の苦戦が注目されており、他の選挙区でも接戦や当選確定の遅れに対する意見が多く見られます。これらの意見は、選挙結果が地域ごとに異なる政治的動向を示していることを反映しています。,102,1_9
2,2_26,公明党の選挙における影響力低下とその政治的影響,このクラスタは、公明党の代表が選挙で苦戦し、落選する可能性があることに対する驚きや、創価学会の影響力低下、人望の問題が指摘されている点に焦点を当てています。また、公明党と自民党の連携が選挙結果に与える影響や、与党が過半数を割る可能性が示唆される中での公明党の役割についての意見が含まれています。さらに、出口調査の結果に基づく議席予測や、他党の躍進に対する反応も取り上げられています。,75,1_3
2,2_65,選挙に対する多様な不安と不満の声,このクラスタは、選挙に関連する様々な不安や不満の声を集めたものです。選挙結果や投票率、システム障害、選挙違反の疑惑、選挙カーの騒音、選挙に対する失望感、政治家への不信感など、多岐にわたる選挙関連の問題が取り上げられています。また、選挙制度や投票の判断材料の不足、選挙速報に対する不安、選挙結果の変化の少なさ、選挙に対する関心の高まりなど、選挙に対する国民の多様な意見が反映されています。,194,1_13
2,2_31,丸川珠代氏の落選に対する多様な反応とその影響,このクラスタは、丸川珠代氏の選挙での落選に関する多様な意見や反応を中心に構成されています。丸川氏の落選に対する驚きや喜び、納得の声が上がる一方で、立憲民主党の当選や自民党の影響力の低下を感じる意見も見られます。また、丸川氏の落選が確実視される中で、彼女の政治的キャリアの終焉や、夫婦での落選の可能性に対する懸念も含まれています。これらの意見は、選挙結果がもたらす政治的変化や社会的影響についての関心を反映しています。,78,1_11
2,2_49,自公連立政権の過半数割れとその影響に関する多様な見解,このクラスタは、自公連立政権が過半数を割る可能性に関する多様な意見を集めています。自公が過半数を維持するかどうか、またその結果としての政局の変化に対する期待や懸念が中心です。特に、立憲民主党や他の野党の躍進、維新や国民民主党との連立の可能性、そしてそれに伴う政治的な不安や期待が議論されています。また、選挙結果が経済に与える影響や、報道機関による予測の違いについても言及されています。,116,1_3
2,2_30,河村たかし氏の選挙における支持と反応,このクラスタは、愛知1区から出馬した河村たかし氏に関する選挙結果やその影響についての意見が集まっています。河村氏の当選に対する驚きや称賛、支持の声が多く見られる一方で、彼の当選に対する懸念や落胆の声も含まれています。また、彼の政治姿勢や日本保守党との関係、名古屋での知名度が選挙結果に影響を与えていることが示唆されています。,193,1_10
2,2_38,選挙結果に対する多様な反応と分析,このクラスタは、選挙結果に対する多様な反応や分析を含んでいます。具体的には、特定の候補者の当選や落選に対する驚きや喜びの声、選挙区ごとの激戦状況、政党間の競争、候補者の個人的な背景や政策に対する評価、選挙結果を野球に例えるユニークな意見などが含まれています。また、選挙結果が地域の政治情勢や過去の事件に影響されているという分析も見られます。これらの意見は、選挙結果が人々に与える影響の多様性を示しています。,119,1_9
2,2_14,衆院選における政権交代への期待と不安,このクラスタは、衆院選を通じて政権交代の可能性に対する期待や関心が高まっている一方で、実際の政権運営やその後の政治的安定に対する不安や懸念が示されている点に焦点を当てています。特に、政権交代がもたらす変化への期待と、過去の政権交代の経験からくる不安が交錯していることが特徴です。また、特定の政党や候補者に対する地域的な不満や期待も含まれ、選挙結果が政治家に与える影響や、国政における政策推進の難しさについての意見も見られます。,189,1_6
2,2_69,選挙特番の多様な視聴体験と個人の関心,このクラスタは、選挙特番に対する視聴者の多様な関心や視聴体験に焦点を当てています。選挙特番を楽しむ人々の様子や、選挙特番を視聴することに対する個々の意見が集まっています。具体的には、選挙特番を楽しみにしている人、選挙特番を視聴することで政治に対する理解が深まったと感じる人、選挙特番を他の活動と組み合わせて楽しむ人、選挙特番を視聴することに対する個人的な変化を感じる人などが含まれています。また、選挙特番を視聴することが日常生活や他の娯楽活動にどのように影響を与えるかについての意見も見られます。,153,1_12
2,2_66,西村康稔氏の当選に対する多様な反応と背景,このクラスタは、西村康稔氏の当選に関する様々な意見を集めたものです。意見は彼の当選を喜ぶ声や驚く声、または疑問を抱く声など多岐にわたります。新党の裏金疑惑や彼の支部長辞任といった背景が影響している可能性があり、地元での支持や政治的背景に対する評価も含まれています。また、選挙結果の発表に関する不透明さや、他の政治家との比較も議論の対象となっています。,56,1_11
2,2_54,衆議院選挙における高市早苗氏と小泉進次郎氏の当選に関する意見,このクラスタは、衆議院選挙における高市早苗氏と小泉進次郎氏の当選に関する意見が中心です。高市早苗氏の当選が確実視されていることに対する支持者の喜びや驚き、彼女の夫の落選に関する意見、そして彼女が女性初の首相になることへの期待が含まれています。また、小泉進次郎氏の選挙対策委員長としての役割や当選に対する驚き、彼の発言に対する評価、選挙区の競争状況に関する意見も見られます。これらの意見は、選挙結果の確定前の状況を反映しており、選挙戦の動向や候補者に対する評価が多様に示されています。,70,1_10
2,2_67,選挙結果に対する多様な反応と自民党の影響力,このクラスタは、選挙特番を通じて報じられた自民党を中心とした選挙結果に対する国民の多様な反応を示しています。自民党の一部議員の落選や当選に対する驚きや称賛、また自民党の影響力の強さや弱さに対する意見が交錯しています。特に、自民党の当選が確実視される地域と、苦戦する地域の対比が見られ、地域ごとの政治的傾向や支持基盤の違いが浮き彫りになっています。また、他党の候補者の当選や落選に対する驚きや不満の声も含まれ、選挙結果に対する国民の期待や不安が反映されています。,131,1_7
2,2_62,日本の政党連立再編と新たな政治勢力の台頭,このクラスタは、日本の政治における連立再編の可能性と、それに伴う新たな政治勢力の台頭に関する意見が集まっています。特に、自民党と公明党の連立が過半数を割る可能性がある中で、日本維新の会や国民民主党の影響力が増すことに注目が集まっています。これにより、維新や国民民主党が与党入りすることで公明党の影響力が弱まる可能性や、連立の組み合わせによっては政権交代が起こる可能性が議論されています。また、インターネットを活用した選挙戦略や、各政党の政策スタンスの類似性についても意見が交わされています。,145,1_3
2,2_4,石破氏のリーダーシップと選挙結果に対する批判と期待,このクラスタは、石破氏のリーダーシップや選挙活動に対する批判的な意見と、彼が自民党総裁として選ばれたことに対する期待や懸念が交錯している点に焦点を当てています。特に、石破氏が総裁選で勝利したことが衆議院選挙の結果にどのように影響を与えたか、また彼の不人気が投票率や選挙結果にどのように反映されたかについての議論が中心です。また、石破氏の選出が国政の停滞を招いたとの批判や、彼の辞任の可能性についての意見も含まれています。さらに、石破氏の政治的影響力の低下や、他の政治家との比較における評価も見られます。,116,1_1
2,2_1,自民党の選挙戦略と結果に対する多様な視点と反応,このクラスタは、自民党の選挙における戦略や結果に対する多様な意見や反応を集めたものです。自民党の将来に対する不安や疑問、メディアの影響による支持率の変動、新陳代謝の必要性、特定議員の落選予測、選挙戦での苦戦や善戦、選挙対策委員長への反応、地域ごとの支持動向、与党としての責任追及、そして選挙結果に対する驚きや不満など、幅広い視点が含まれています。これらの意見は、自民党の現状と将来に対する国民の関心と期待、そして懸念を反映しています。,185,1_7
2,2_56,自民党と立憲民主党に対する不満と支持の複雑な相関,このクラスタは、自民党に対する不満がある一方で、立憲民主党がその受け皿として十分でないと感じる意見が多く含まれています。自民党の政策や問題に対する批判がある中で、立憲民主党が支持を集める理由が理解できない、あるいは不十分であるとする声が目立ちます。また、立憲民主党の政策や顔ぶれに対する疑問、民主党政権時代の経験からの不信感が根強く残っていることが示されています。さらに、選挙における選択肢の限られた状況や、野党全体の不振が国民の選挙離れにつながっているとの指摘も見られます。,165,1_8
2,2_32,選挙制度と報道に対する不信感と改善要求,このクラスタは、選挙制度や報道の在り方に対する不信感や疑問、改善要求が中心となっています。具体的には、開票が始まる前や直後に当選確実が報道されることへの疑念、出口調査の信頼性に対する不安、比例代表制の在り方に対する批判、選択肢の少なさに対する不満、そして選挙結果が日本の将来に与える影響への懸念が含まれています。これらの意見は、選挙の透明性や公正性、報道の正確性を求める声として集約されています。,109,1_13
2,2_27,日本の政党間連携と政局の変動に関する多様な見解,このクラスタは、日本の主要政党である立憲民主党、国民民主党、日本維新の会、自民党、公明党、共産党などの間での連携や対立、そしてそれに伴う政局の変動に関する多様な意見を含んでいます。特に、維新と国民民主党の動向が今後の政治において重要な役割を果たす可能性があるとされ、これらの政党がどのように連携するか、または対立するかが注目されています。また、政権交代の可能性や、各党の支持率の変動、連立の可能性についての意見も多く見られ、これらが日本の政治の未来にどのように影響を与えるかが議論されています。,162,1_3
2,2_18,立憲民主党の躍進とその背景に対する多様な視点,このクラスタは、立憲民主党が予想以上に支持を伸ばしていることに対する驚きや評価、そしてその背景にある要因についての多様な意見が集まっています。自民党に対する不満や失策が立憲民主党の躍進に寄与しているという見解や、選挙区調整の不十分さにもかかわらずの健闘を評価する声がある一方で、躍進の理由が理解できないという意見も見られます。また、メディアの報道姿勢や二大政党制への期待、さらには個別の政策や人物に対する評価も含まれています。,185,1_8
2,2_36,立憲民主党と他政党の議席数に関する多様な意見と予測,このクラスタは、立憲民主党を中心に、他の政党の議席数に関する様々な意見や予測が集まっています。立憲民主党の議席数に関しては、増加の可能性や予測に対する驚き、疑問、期待が交錯しており、具体的な議席数の予測が幅広く示されています。また、社民党や共産党の議席数に対する注目や評価、他の政党との比較も含まれています。さらに、過去の政権経験やスキャンダルの影響に対する懸念も見られ、全体として政党の議席数が日本の政治に与える影響についての多様な視点が反映されています。,83,1_4
2,2_59,政治家の落選に対する多様な反応とその影響,このクラスタは、特定の政治家（下村博文氏、丸川珠代氏、甘利明氏など）の落選に対する様々な意見や反応を中心に構成されています。意見には、落選を喜ぶ声、驚きの声、そしてその影響についての考察が含まれています。また、落選情報の信憑性に対する疑問や、他の政治家の当選・落選に対する意見も見られます。これらの意見は、選挙結果が政治的勢力図に与える影響や、個々の政治家に対する評価を反映しています。,191,1_11
2,2_68,自民党の過半数割れと石破氏のリーダーシップに対する評価と懸念,このクラスタは、自民党が過半数を割る可能性が高まる中で、石破氏のリーダーシップに対する評価や懸念が交錯している状況を反映しています。石破氏が自民党の議席減少の責任を問われる一方で、彼の対応や今後の動きに注目が集まっています。また、石破氏の辞任や他党との連携の可能性、党内の動きに対する意見が多く見られ、石破政権の将来に対する不安や期待が入り混じっています。,111,1_1
2,2_34,大阪における維新の党の強い支持とその影響,このクラスタは、大阪を中心に維新の党が強い支持を得ている現状とその影響についての意見が集まっています。維新の党が大阪で多くの選挙区で優勢であることや、他党に対する勝利が評価される一方で、維新の勢力拡大に対する驚きや懸念、他地域での苦戦の可能性、与党接近による支持減少など、維新の党の活動に対する多様な視点が含まれています。また、維新の党が大阪で支持される理由や、選挙活動の裏方の重要性についての指摘も見られます。,110,1_6
2,2_33,与党の過半数割れに関する不安と期待の交錯,このクラスタは、与党が過半数を割る可能性に関する様々な意見が集まっています。与党が過半数を割ることで、他の野党との協力が必要になることや、政権運営の不透明感が増すことへの不安が表明されています。一方で、与党が過半数を割ることによって国民生活が楽になることを期待する声や、与党の変化に対する関心が高まっていることも示されています。また、選挙結果が経済に与える影響についての懸念も含まれています。,157,1_2
2,2_64,選挙結果予測におけるNHKと他メディアの見解の相違と不確実性,このクラスタは、NHKの選挙結果予測に対する意見や疑問、そして他のメディアとの見解の違いに焦点を当てています。特に、立憲民主党の議席数予測や自公連立の過半数維持の可能性について、NHKの報道が他のメディアと異なる点が指摘されています。また、選挙結果の不確実性や、各メディアの予測の幅広さに対する意見が集まっています。これにより、選挙結果の予測に対する信頼性や、報道の多様性が議論の中心となっています。,66,1_3
2,2_47,選挙報道とエンターテインメントの同時進行における視聴者の反応とメディアの役割,このクラスタは、選挙速報と日本シリーズの同時中継に対する視聴者の困惑や不満、選挙報道の重要性とメディアの役割に対する意見が集まっています。特に、NHKやテレビ東京などのメディアがどのように選挙速報を扱うかに注目が集まっており、視聴者は情報の信頼性や報道の方法に対して様々な反応を示しています。また、選挙の重要性を伝える番組の提案や、選挙報道における手話や字幕の必要性についての意見も含まれています。,88,1_12
2,2_43,野党の連立可能性と政権交代への期待と懸念,このクラスタは、衆院選における野党の健闘と連立の可能性に関する意見が中心です。野党が過半数を獲得する可能性や連立を組むことで政権を獲得するシナリオが注目されていますが、一方で連立の実現性やその後の協力体制に対する懸念も示されています。また、野党が政権を握った場合の政策や経済への影響についての不安も含まれています。与党の苦戦やリーダーシップへの疑問も背景にあり、政治情勢の変動が予想される中での意見が集まっています。,107,1_2
2,2_15,参政党の議席獲得に対する多様な反応と懸念,このクラスタは、参政党の議席獲得に関する様々な意見や反応を含んでいます。特に、議席数の予測や実際の獲得数に対する驚きや称賛、さらなる議席獲得への期待、不安や懸念が交錯しています。反ワクチンや反安全保障といった参政党の政策に対する懸念も多く見られ、メディアによる異なる報道や不正選挙の可能性に対する疑念も含まれています。これらの意見は、参政党の政治的立場や活動に対する社会の多様な視点を反映しています。,27,1_4
2,2_37,若者の投票率向上と高齢者の影響力に関する議論,このクラスタは、若者の投票率の低さとその影響についての懸念、高齢者の投票行動が選挙結果に与える影響、そして選挙における年齢層の違いに関する意見が集まっています。若者の投票率を上げるための具体的な対策の必要性や、選挙権に年齢制限を設けるべきだという意見、また高齢者の組織票や情報源の違いが選挙結果に与える影響についての不満が示されています。さらに、若者が選挙に参加しないことが政治的な状況を悪化させる可能性や、若者の政治参加を促進するためのインセンティブの提案も含まれています。,110,1_13
